N,Label,t_asset,t_pipeline,t_inference,t_total,ID
25,NS,2.900022082030773e-06,3.99749489990063,0.06918750004842877,4.066685299971141,1005202314050
27,OT,4.00003045797348e-06,4.1552398999920115,0.07976670004427433,4.235010600066744,1005202311069
